line_id,origin_canton,line_name,stop_id,num_cantons,canton_list
91-3-L-j24-1,"['Basel-Stadt', 'Basel-Landschaft', 'Aargau', 'Thurgau', 'Schaffhausen', 'StGallen']",3,619,6,"Aargau, Basel-Landschaft, Basel-Stadt, Schaffhausen, StGallen, Thurgau"
91-15-B-j24-1,"['Bern', 'Fribourg', 'Aargau', 'Vaud', 'Geneve', 'Luzern']",IR15,434,6,"Aargau, Bern, Fribourg, Geneve, Luzern, Vaud"
91-3-N-j24-1,"['Basel-Stadt', 'Basel-Landschaft', 'Aargau', 'Thurgau', 'StGallen', 'Schaffhausen']",RE3,91,6,"Aargau, Basel-Landschaft, Basel-Stadt, Schaffhausen, StGallen, Thurgau"
91-5-A-j24-1,"['Solothurn', 'StGallen', 'Zurich', 'Vaud', 'Geneve']",IC5,836,5,"Geneve, Solothurn, StGallen, Vaud, Zurich"
91-1-D-j24-1,"['StGallen', 'Zurich', 'Bern', 'Geneve', 'Vaud']",IC1,502,5,"Bern, Geneve, StGallen, Vaud, Zurich"
91-VAE-j24-1,"['StGallen', 'Schwyz', 'AppenzellAusserrhoden', 'Luzern', 'Zurich']",VAE,486,5,"AppenzellAusserrhoden, Luzern, Schwyz, StGallen, Zurich"
91-1-C-j24-1,"['Thurgau', 'Schaffhausen', 'StGallen', 'Zurich']",S1,3400,4,"Schaffhausen, StGallen, Thurgau, Zurich"
91-24-j24-1,"['Schaffhausen', 'Zurich', 'Zug', 'Thurgau']",S24,1854,4,"Schaffhausen, Thurgau, Zug, Zurich"
91-3-B-j24-1,"['Basel-Landschaft', 'Basel-Stadt', 'Solothurn', 'Jura']",S3,1847,4,"Basel-Landschaft, Basel-Stadt, Jura, Solothurn"
91-12-j24-1,"['Aargau', 'Zurich', 'StGallen', 'Thurgau']",S12,1814,4,"Aargau, StGallen, Thurgau, Zurich"
91-30-H-j24-1,"['Aargau', 'Basel-Landschaft', 'Basel-Stadt', 'Schaffhausen']",30,918,4,"Aargau, Basel-Landschaft, Basel-Stadt, Schaffhausen"
91-5-j24-1,"['Neuchatel', 'Bern', 'Fribourg', 'Vaud']",S5,767,4,"Bern, Fribourg, Neuchatel, Vaud"
91-35-A-j24-1,"['Bern', 'Zurich', 'Schwyz', 'Graubunden']",IR35,491,4,"Bern, Graubunden, Schwyz, Zurich"
91-75-j24-1,"['Thurgau', 'Zug', 'Zurich', 'Luzern']",IR75,466,4,"Luzern, Thurgau, Zug, Zurich"
91-26-C-j24-1,"['Uri', 'Schwyz', 'Ticino', 'Aargau']",IR26,370,4,"Aargau, Schwyz, Ticino, Uri"
91-46-j24-1,"['Zurich', 'Uri', 'Schwyz', 'Ticino']",IR46,349,4,"Schwyz, Ticino, Uri, Zurich"
91-8-E-j24-1,"['Valais', 'Thurgau', 'Bern', 'Zurich']",IC8,269,4,"Bern, Thurgau, Valais, Zurich"
94-360-0-j24-1,"['Luzern', 'Uri', 'Schwyz', 'Nidwalden']",3600,137,4,"Luzern, Nidwalden, Schwyz, Uri"
91-21-j24-1,"['AppenzellAusserrhoden', 'StGallen', 'AppenzellInnerrhoden']",S21,2096,3,"AppenzellAusserrhoden, AppenzellInnerrhoden, StGallen"
92-403-B-j24-1,"['Zurich', 'Thurgau', 'Schaffhausen']",403,1384,3,"Schaffhausen, Thurgau, Zurich"
91-33-C-j24-1,"['Vaud', 'Geneve', 'Valais']",RE33,1350,3,"Geneve, Valais, Vaud"
92-608-A-j24-1,"['Bern', 'Luzern', 'Aargau']",608,1256,3,"Aargau, Bern, Luzern"
92-734-7-j24-1,"['Schaffhausen', 'Zurich', 'Aargau']",7347,1162,3,"Aargau, Schaffhausen, Zurich"
96-131-2-j24-1,"['Solothurn', 'Basel-Landschaft', 'Jura']",112,1157,3,"Basel-Landschaft, Jura, Solothurn"
91-29-j24-1,"['Luzern', 'Aargau', 'Solothurn']",S29,1066,3,"Aargau, Luzern, Solothurn"
91-5-D-j24-1,"['Obwalden', 'Nidwalden', 'Luzern']",S5,1014,3,"Luzern, Nidwalden, Obwalden"
96-245-5-j24-1,"['Schwyz', 'Glarus', 'StGallen']",513,1005,3,"Glarus, Schwyz, StGallen"
92-730-7-j24-1,"['Basel-Stadt', 'Aargau', 'Basel-Landschaft']",7307,943,3,"Aargau, Basel-Landschaft, Basel-Stadt"
91-23-j24-1,"['Aargau', 'Solothurn', 'Bern']",S23,883,3,"Aargau, Bern, Solothurn"
91-90-j24-1,"['Vaud', 'Geneve', 'Valais']",IR90,866,3,"Geneve, Valais, Vaud"
91-2-C-j24-1,"['Schwyz', 'Uri', 'Zug']",S2,853,3,"Schwyz, Uri, Zug"
91-23-A-j24-1,"['AppenzellInnerrhoden', 'AppenzellAusserrhoden', 'StGallen']",S23,824,3,"AppenzellAusserrhoden, AppenzellInnerrhoden, StGallen"
91-36-C-j24-1,"['Jura', 'Bern', 'Neuchatel']",R36,824,3,"Bern, Jura, Neuchatel"
91-29-A-j24-1,"['Zurich', 'Thurgau', 'Schaffhausen']",S29,811,3,"Schaffhausen, Thurgau, Zurich"
92-730-1-j24-1,"['Aargau', 'Basel-Stadt', 'Basel-Landschaft']",7301,766,3,"Aargau, Basel-Landschaft, Basel-Stadt"
96-224-6-j24-1,"['AppenzellAusserrhoden', 'AppenzellInnerrhoden', 'StGallen']",226,704,3,"AppenzellAusserrhoden, AppenzellInnerrhoden, StGallen"
91-20-B-j24-1,"['Fribourg', 'Bern', 'Neuchatel']",S20,677,3,"Bern, Fribourg, Neuchatel"
91-13-j24-1,"['StGallen', 'Zurich', 'Graubunden']",IR13,649,3,"Graubunden, StGallen, Zurich"
91-36-A-j24-1,"['Aargau', 'Zurich', 'Basel-Landschaft']",IR36,598,3,"Aargau, Basel-Landschaft, Zurich"
91-25-j24-1,"['Glarus', 'Schwyz', 'Zurich']",S25,593,3,"Glarus, Schwyz, Zurich"
91-30-K-j24-1,"['Vaud', 'Bern', 'Fribourg']",30,568,3,"Bern, Fribourg, Vaud"
91-30-J-j24-1,"['Vaud', 'Bern', 'Fribourg']",R30,559,3,"Bern, Fribourg, Vaud"
91-3-H-j24-1,"['Schwyz', 'Luzern', 'Uri']",S3,534,3,"Luzern, Schwyz, Uri"
91-35-j24-1,"['Thurgau', 'StGallen', 'Zurich']",S35,495,3,"StGallen, Thurgau, Zurich"
91-52-j24-1,"['Bern', 'Neuchatel', 'Fribourg']",S52,336,3,"Bern, Fribourg, Neuchatel"
91-27-A-j24-1,"['Aargau', 'Basel-Landschaft', 'Luzern']",IR27,287,3,"Aargau, Basel-Landschaft, Luzern"
91-1J-Y-j24-1,"['Luzern', 'Nidwalden', 'Obwalden']",IR,220,3,"Luzern, Nidwalden, Obwalden"
96-224-7-j24-1,"['AppenzellAusserrhoden', 'AppenzellInnerrhoden', 'StGallen']",227,188,3,"AppenzellAusserrhoden, AppenzellInnerrhoden, StGallen"
91-1-P-j24-1,"['AppenzellAusserrhoden', 'StGallen', 'Thurgau']",RE1,175,3,"AppenzellAusserrhoden, StGallen, Thurgau"
92-B21-j24-1,"['AppenzellInnerrhoden', 'AppenzellAusserrhoden', 'StGallen']",B21,165,3,"AppenzellAusserrhoden, AppenzellInnerrhoden, StGallen"
91-81-A-j24-1,"['Zurich', 'Thurgau', 'Bern']",IC81,162,3,"Bern, Thurgau, Zurich"
91-2A-Y-j24-1,"['Zurich', 'Ticino', 'Basel-Stadt']",EC,158,3,"Basel-Stadt, Ticino, Zurich"
91-35-B-j24-1,"['Zurich', 'Bern', 'Schwyz']",IR35,158,3,"Bern, Schwyz, Zurich"
92-14-D-j24-1,"['Solothurn', 'Basel-Landschaft', 'Basel-Stadt']",14,140,3,"Basel-Landschaft, Basel-Stadt, Solothurn"
91-2Q-Y-j24-1,"['Valais', 'Vaud', 'Geneve']",IR,134,3,"Geneve, Valais, Vaud"
92-528-j24-1,"['Luzern', 'Schwyz', 'Zug']",528,105,3,"Luzern, Schwyz, Zug"
91-20-E-j24-1,"['AppenzellInnerrhoden', 'AppenzellAusserrhoden', 'StGallen']",S20,80,3,"AppenzellAusserrhoden, AppenzellInnerrhoden, StGallen"
92-15-C-j24-1,"['Solothurn', 'Basel-Landschaft', 'Basel-Stadt']",15,70,3,"Basel-Landschaft, Basel-Stadt, Solothurn"
96-128-2-j24-1,"['Jura', 'Bern', 'Neuchatel']",N22,66,3,"Bern, Jura, Neuchatel"
91-34-Y-j24-1,"['Basel-Landschaft', 'Solothurn', 'Basel-Stadt']",S,58,3,"Basel-Landschaft, Basel-Stadt, Solothurn"
91-GPX-j24-1,"['Vaud', 'Fribourg', 'Bern']",GPX,56,3,"Bern, Fribourg, Vaud"
91-42-Y-j24-1,"['Geneve', 'Vaud', 'Solothurn']",IC,16,3,"Geneve, Solothurn, Vaud"
91-6-j24-1,"['Basel-Stadt', 'Basel-Landschaft']",6,11055,2,"Basel-Landschaft, Basel-Stadt"
91-10-j24-1,"['Basel-Landschaft', 'Basel-Stadt']",10,10952,2,"Basel-Landschaft, Basel-Stadt"
91-14-j24-1,"['Basel-Stadt', 'Basel-Landschaft']",14,8734,2,"Basel-Landschaft, Basel-Stadt"
92-34-j24-1,"['Basel-Stadt', 'Basel-Landschaft']",34,8374,2,"Basel-Landschaft, Basel-Stadt"
91-3-j24-1,"['Basel-Stadt', 'Basel-Landschaft']",3,6434,2,"Basel-Landschaft, Basel-Stadt"
92-502-A-j24-1,"['Luzern', 'Schwyz']",502,5840,2,"Luzern, Schwyz"
92-11-F-j24-1,"['StGallen', 'Graubunden']",11,5098,2,"Graubunden, StGallen"
92-60-E-j24-1,"['Vaud', 'Geneve']",60,4735,2,"Geneve, Vaud"
92-38-j24-1,"['Basel-Landschaft', 'Basel-Stadt']",38,4652,2,"Basel-Landschaft, Basel-Stadt"
92-2-E-j24-1,"['Aargau', 'Solothurn']",2,4435,2,"Aargau, Solothurn"
92-33-j24-1,"['Basel-Landschaft', 'Basel-Stadt']",33,4267,2,"Basel-Landschaft, Basel-Stadt"
91-20-F-j24-1,"['Aargau', 'Zurich']",20,4077,2,"Aargau, Zurich"
92-64-D-j24-1,"['Basel-Landschaft', 'Basel-Stadt']",64,3778,2,"Basel-Landschaft, Basel-Stadt"
92-1-L-j24-1,"['Solothurn', 'Bern']",1,3466,2,"Bern, Solothurn"
92-2-U-j24-1,"['Thurgau', 'Schaffhausen']",2,3419,2,"Schaffhausen, Thurgau"
92-13-B-j24-1,"['StGallen', 'Graubunden']",13,3404,2,"Graubunden, StGallen"
96-363-0-j24-1,"['Nidwalden', 'Uri']",311,3324,2,"Nidwalden, Uri"
96-120-8-j24-1,"['Jura', 'Bern']",8,3149,2,"Bern, Jura"
96-352-3-j24-1,"['Luzern', 'Zug']",73,3044,2,"Luzern, Zug"
92-47-B-j24-1,"['Basel-Landschaft', 'Basel-Stadt']",47,2992,2,"Basel-Landschaft, Basel-Stadt"
92-2-K-j24-1,"['Solothurn', 'Bern']",2,2890,2,"Bern, Solothurn"
96-240-3-j24-1,"['Schwyz', 'StGallen']",521,2846,2,"Schwyz, StGallen"
93-253-4-j24-1,"['Obwalden', 'Nidwalden']",2534,2841,2,"Nidwalden, Obwalden"
92-72-j24-1,"['Basel-Landschaft', 'Aargau']",72,2809,2,"Aargau, Basel-Landschaft"
96-356-9-j24-1,"['Luzern', 'Aargau']",85,2801,2,"Aargau, Luzern"
96-224-1-j24-1,"['StGallen', 'AppenzellAusserrhoden']",120,2664,2,"AppenzellAusserrhoden, StGallen"
96-284-5-j24-1,"['Graubunden', 'Ticino']",214,2642,2,"Graubunden, Ticino"
91-17-A-j24-1,"['Aargau', 'Zurich']",S17,2624,2,"Aargau, Zurich"
92-5-J-j24-1,"['Solothurn', 'Bern']",5,2541,2,"Bern, Solothurn"
91-1-A-j24-1,"['Luzern', 'Zug']",S1,2515,2,"Luzern, Zug"
92-653-j24-1,"['Zug', 'Schwyz']",653,2490,2,"Schwyz, Zug"
96-224-2-j24-1,"['StGallen', 'AppenzellAusserrhoden']",121,2427,2,"AppenzellAusserrhoden, StGallen"
92-702-A-j24-1,"['StGallen', 'Thurgau']",702,2391,2,"StGallen, Thurgau"
96-131-1-j24-1,"['Solothurn', 'Basel-Landschaft']",111,2345,2,"Basel-Landschaft, Solothurn"
92-885-j24-1,"['Zurich', 'StGallen']",885,2334,2,"StGallen, Zurich"
92-733-8-j24-1,"['Aargau', 'Schaffhausen']",7338,2330,2,"Aargau, Schaffhausen"
96-165-4-j24-1,"['Aargau', 'Zurich']",350,2268,2,"Aargau, Zurich"
92-102-B-j24-1,"['Valais', 'Vaud']",102,2233,2,"Valais, Vaud"
96-144-9-j24-1,"['Solothurn', 'Bern']",129,2139,2,"Bern, Solothurn"
96-182-3-j24-1,"['Aargau', 'Zurich']",215,2134,2,"Aargau, Zurich"
92-3-J-j24-1,"['Solothurn', 'Aargau']",3,2105,2,"Aargau, Solothurn"
92-65-B-j24-1,"['Basel-Landschaft', 'Solothurn']",65,2103,2,"Basel-Landschaft, Solothurn"
91-11-M-j24-1,"['Bern', 'Solothurn']",S11,2073,2,"Bern, Solothurn"
92-81-j24-1,"['Basel-Landschaft', 'Basel-Stadt']",81,2068,2,"Basel-Landschaft, Basel-Stadt"
92-37-B-j24-1,"['Basel-Stadt', 'Basel-Landschaft']",37,2035,2,"Basel-Landschaft, Basel-Stadt"
96-187-1-j24-1,"['Zurich', 'Aargau']",510,2005,2,"Aargau, Zurich"
92-200-j24-1,"['Schaffhausen', 'Thurgau']",200,1991,2,"Schaffhausen, Thurgau"
96-120-6-j24-1,"['Jura', 'Basel-Landschaft']",6,1986,2,"Basel-Landschaft, Jura"
96-131-5-j24-1,"['Solothurn', 'Basel-Landschaft']",115,1972,2,"Basel-Landschaft, Solothurn"
96-182-0-j24-1,"['Aargau', 'Zurich']",245,1929,2,"Aargau, Zurich"
91-17-j24-1,"['Basel-Landschaft', 'Basel-Stadt']",17,1928,2,"Basel-Landschaft, Basel-Stadt"
96-242-3-j24-1,"['Schwyz', 'Zurich']",180,1918,2,"Schwyz, Zurich"
91-20-A-j24-1,"['Solothurn', 'Bern']",S20,1897,2,"Bern, Solothurn"
92-631-j24-1,"['StGallen', 'Zurich']",631,1887,2,"StGallen, Zurich"
93-253-5-j24-1,"['Nidwalden', 'Obwalden']",2535,1864,2,"Nidwalden, Obwalden"
92-508-j24-1,"['Aargau', 'Solothurn']",508,1843,2,"Aargau, Solothurn"
96-220-8-j24-1,"['Thurgau', 'StGallen']",211,1836,2,"StGallen, Thurgau"
92-48-A-j24-1,"['Basel-Landschaft', 'Basel-Stadt']",48,1820,2,"Basel-Landschaft, Basel-Stadt"
92-732-j24-1,"['StGallen', 'Thurgau']",732,1780,2,"StGallen, Thurgau"
96-140-0-j24-1,"['Basel-Landschaft', 'Aargau']",100,1763,2,"Aargau, Basel-Landschaft"
92-158-j24-1,"['AppenzellAusserrhoden', 'StGallen']",158,1757,2,"AppenzellAusserrhoden, StGallen"
92-103-A-j24-1,"['Valais', 'Vaud']",103,1742,2,"Valais, Vaud"
96-250-8-j24-1,"['Thurgau', 'StGallen']",210,1741,2,"StGallen, Thurgau"
91-8-B-j24-1,"['Bern', 'Solothurn']",S8,1707,2,"Bern, Solothurn"
91-5-C-j24-1,"['Zug', 'Zurich']",S5,1688,2,"Zug, Zurich"
91-2-A-j24-1,"['Bern', 'Fribourg']",S2,1667,2,"Bern, Fribourg"
92-25-j24-1,"['Schaffhausen', 'Thurgau']",25,1666,2,"Schaffhausen, Thurgau"
91-9-D-j24-1,"['Zurich', 'Schaffhausen']",S9,1657,2,"Schaffhausen, Zurich"
92-811-j24-1,"['Vaud', 'Geneve']",811,1618,2,"Geneve, Vaud"
96-144-7-j24-1,"['Solothurn', 'Aargau']",127,1582,2,"Aargau, Solothurn"
91-8-C-j24-1,"['Zurich', 'Schwyz']",S8,1571,2,"Schwyz, Zurich"
91-6-D-j24-1,"['Zurich', 'Aargau']",S6,1564,2,"Aargau, Zurich"
91-L4-A-j24-1,"['Geneve', 'Vaud']",RL4,1564,2,"Geneve, Vaud"
96-220-5-j24-1,"['Thurgau', 'StGallen']",200,1551,2,"StGallen, Thurgau"
91-1-E-j24-1,"['Fribourg', 'Bern']",S1,1550,2,"Bern, Fribourg"
91-9-B-j24-1,"['Aargau', 'Luzern']",S9,1539,2,"Aargau, Luzern"
92-734-2-j24-1,"['Schaffhausen', 'Aargau']",7342,1537,2,"Aargau, Schaffhausen"
92-80-j24-1,"['Basel-Landschaft', 'Basel-Stadt']",80,1519,2,"Basel-Landschaft, Basel-Stadt"
96-167-2-j24-1,"['Aargau', 'Zurich']",354,1510,2,"Aargau, Zurich"
91-11-A-j24-1,"['Zurich', 'Aargau']",S11,1500,2,"Aargau, Zurich"
92-83-j24-1,"['Basel-Landschaft', 'Aargau']",83,1500,2,"Aargau, Basel-Landschaft"
92-213-j24-1,"['Fribourg', 'Vaud']",213,1448,2,"Fribourg, Vaud"
91-72-j24-1,"['Valais', 'Vaud']",R72,1428,2,"Valais, Vaud"
91-7-C-j24-1,"['Zurich', 'StGallen']",S7,1384,2,"StGallen, Zurich"
96-173-1-j24-1,"['Aargau', 'Zurich']",217,1374,2,"Aargau, Zurich"
92-55-A-j24-1,"['Vaud', 'Geneve']",55,1369,2,"Geneve, Vaud"
92-46-j24-1,"['Basel-Stadt', 'Basel-Landschaft']",46,1358,2,"Basel-Landschaft, Basel-Stadt"
92-21-E-j24-1,"['StGallen', 'Graubunden']",21,1341,2,"Graubunden, StGallen"
92-402-A-j24-1,"['Schaffhausen', 'Thurgau']",402,1295,2,"Schaffhausen, Thurgau"
92-7-J-j24-1,"['Solothurn', 'Bern']",7,1267,2,"Bern, Solothurn"
91-44-j24-1,"['Bern', 'Solothurn']",S44,1256,2,"Bern, Solothurn"
91-6-M-j24-1,"['Aargau', 'Basel-Stadt']",S6,1220,2,"Aargau, Basel-Stadt"
92-642-j24-1,"['Zug', 'Zurich']",642,1218,2,"Zug, Zurich"
91-5-B-j24-1,"['Thurgau', 'StGallen']",S5,1215,2,"StGallen, Thurgau"
96-352-j24-1,"['Valais', 'Vaud']",120,1212,2,"Valais, Vaud"
96-245-2-j24-1,"['Glarus', 'StGallen']",511,1204,2,"Glarus, StGallen"
91-4-j24-1,"['AppenzellAusserrhoden', 'StGallen']",S4,1194,2,"AppenzellAusserrhoden, StGallen"
92-700-A-j24-1,"['StGallen', 'Thurgau']",700,1188,2,"StGallen, Thurgau"
92-735-A-j24-1,"['StGallen', 'Thurgau']",735,1188,2,"StGallen, Thurgau"
96-354-0-j24-1,"['Bern', 'Luzern']",251,1185,2,"Bern, Luzern"
92-730-2-j24-1,"['Aargau', 'Basel-Stadt']",7302,1178,2,"Aargau, Basel-Stadt"
96-200-4-j24-1,"['Thurgau', 'Schaffhausen']",825,1171,2,"Schaffhausen, Thurgau"
96-136-8-j24-1,"['Solothurn', 'Basel-Landschaft']",68,1158,2,"Basel-Landschaft, Solothurn"
92-1-T-j24-1,"['Basel-Stadt', 'Basel-Landschaft']",1,1127,2,"Basel-Landschaft, Basel-Stadt"
91-6-O-j24-1,"['Schaffhausen', 'Thurgau']",S6,1126,2,"Schaffhausen, Thurgau"
92-175-j24-1,"['Schwyz', 'Zurich']",175,1123,2,"Schwyz, Zurich"
96-144-4-j24-1,"['Solothurn', 'Basel-Landschaft']",94,1123,2,"Basel-Landschaft, Solothurn"
91-10-C-j24-1,"['Thurgau', 'StGallen']",S10,1122,2,"StGallen, Thurgau"
92-734-0-j24-1,"['Zurich', 'Aargau']",7340,1107,2,"Aargau, Zurich"
92-2-R-j24-1,"['Basel-Stadt', 'Basel-Landschaft']",2,1085,2,"Basel-Landschaft, Basel-Stadt"
92-1-W-j24-1,"['Thurgau', 'Schaffhausen']",1,1080,2,"Schaffhausen, Thurgau"
96-903-j24-1,"['Bern', 'Vaud']",180,1076,2,"Bern, Vaud"
96-220-3-j24-1,"['StGallen', 'AppenzellAusserrhoden']",182,1057,2,"AppenzellAusserrhoden, StGallen"
92-730-4-j24-1,"['Basel-Stadt', 'Aargau']",7304,1038,2,"Aargau, Basel-Stadt"
91-30-j24-1,"['Vaud', 'Fribourg']",S30,1036,2,"Fribourg, Vaud"
91-6-B-j24-1,"['Bern', 'Luzern']",S6,1033,2,"Bern, Luzern"
91-15-I-j24-1,"['Thurgau', 'StGallen']",S15,1026,2,"StGallen, Thurgau"
91-2-B-j24-1,"['Schwyz', 'Zurich']",S2,1026,2,"Schwyz, Zurich"
96-167-0-j24-1,"['Aargau', 'Zurich']",352,1022,2,"Aargau, Zurich"
96-140-2-j24-1,"['Solothurn', 'Basel-Landschaft']",102,1014,2,"Basel-Landschaft, Solothurn"
92-609-j24-1,"['Zug', 'Schwyz']",609,1006,2,"Schwyz, Zug"
96-350-1-j24-1,"['Luzern', 'Bern']",281,1003,2,"Bern, Luzern"
96-200-3-j24-1,"['Thurgau', 'Zurich']",823,1002,2,"Thurgau, Zurich"
92-271-A-j24-1,"['Vaud', 'Geneve']",271,994,2,"Geneve, Vaud"
92-544-j24-1,"['Fribourg', 'Vaud']",544,993,2,"Fribourg, Vaud"
92-50-B-j24-1,"['Luzern', 'Aargau']",50,990,2,"Aargau, Luzern"
92-731-1-j24-1,"['Basel-Landschaft', 'Basel-Stadt']",7311,990,2,"Basel-Landschaft, Basel-Stadt"
92-473-j24-1,"['Fribourg', 'Vaud']",473,986,2,"Fribourg, Vaud"
92-34-C-j24-1,"['Solothurn', 'Bern']",34,975,2,"Bern, Solothurn"
92-898-j24-1,"['Solothurn', 'Bern']",898,975,2,"Bern, Solothurn"
96-138-4-j24-1,"['Aargau', 'Basel-Landschaft']",84,972,2,"Aargau, Basel-Landschaft"
91-16-A-j24-1,"['StGallen', 'Zurich']",S16,971,2,"StGallen, Zurich"
91-1-B-j24-1,"['Basel-Landschaft', 'Aargau']",S1,960,2,"Aargau, Basel-Landschaft"
92-734-j24-1,"['StGallen', 'Thurgau']",734,956,2,"StGallen, Thurgau"
96-155-j24-1,"['Neuchatel', 'Vaud']",630,940,2,"Neuchatel, Vaud"
96-360-0-j24-1,"['Nidwalden', 'Obwalden']",312,934,2,"Nidwalden, Obwalden"
92-608-j24-1,"['Basel-Stadt', 'Basel-Landschaft']",608,930,2,"Basel-Landschaft, Basel-Stadt"
91-41-E-j24-1,"['Neuchatel', 'Bern']",R41,922,2,"Bern, Neuchatel"
91-2-E-j24-1,"['StGallen', 'AppenzellAusserrhoden']",S2,896,2,"AppenzellAusserrhoden, StGallen"
91-41-F-j24-1,"['Bern', 'Solothurn']",S41,872,2,"Bern, Solothurn"
96-224-9-j24-1,"['AppenzellAusserrhoden', 'StGallen']",230,871,2,"AppenzellAusserrhoden, StGallen"
96-220-1-j24-1,"['StGallen', 'AppenzellAusserrhoden']",180,867,2,"AppenzellAusserrhoden, StGallen"
96-200-9-j24-1,"['Thurgau', 'Zurich']",834,864,2,"Thurgau, Zurich"
91-5-O-j24-1,"['Solothurn', 'Bern']",RE5,835,2,"Bern, Solothurn"
96-272-5-j24-1,"['StGallen', 'Graubunden']",22,832,2,"Graubunden, StGallen"
92-152-j24-1,"['StGallen', 'AppenzellAusserrhoden']",152,828,2,"AppenzellAusserrhoden, StGallen"
96-131-4-j24-1,"['Solothurn', 'Basel-Landschaft']",114,821,2,"Basel-Landschaft, Solothurn"
96-167-4-j24-1,"['Aargau', 'Zurich']",355,813,2,"Aargau, Zurich"
96-137-3-j24-1,"['Solothurn', 'Basel-Landschaft']",73,808,2,"Basel-Landschaft, Solothurn"
92-8-F-j24-1,"['Bern', 'Solothurn']",8,805,2,"Bern, Solothurn"
96-186-2-j24-1,"['Zurich', 'Schaffhausen']",675,792,2,"Schaffhausen, Zurich"
96-136-9-j24-1,"['Solothurn', 'Basel-Landschaft']",69,788,2,"Basel-Landschaft, Solothurn"
96-357-8-j24-1,"['Luzern', 'Aargau']",399,778,2,"Aargau, Luzern"
91-43-j24-1,"['Valais', 'Uri']",R43,773,2,"Uri, Valais"
92-305-A-j24-1,"['Aargau', 'Zurich']",305,767,2,"Aargau, Zurich"
91-40-j24-1,"['Schwyz', 'Zurich']",S40,759,2,"Schwyz, Zurich"
96-735-j24-1,"['Bern', 'Neuchatel']",132,754,2,"Bern, Neuchatel"
91-9-K-j24-1,"['Fribourg', 'Vaud']",R9,752,2,"Fribourg, Vaud"
91-5-K-j24-1,"['Basel-Stadt', 'Aargau']",S5,751,2,"Aargau, Basel-Stadt"
96-161-j24-1,"['Vaud', 'Fribourg']",650,745,2,"Fribourg, Vaud"
91-21-A-j24-1,"['Fribourg', 'Bern']",S21,739,2,"Bern, Fribourg"
96-228-3-j24-1,"['StGallen', 'Thurgau']",740,739,2,"StGallen, Thurgau"
92-176-j24-1,"['Schwyz', 'Zurich']",176,735,2,"Schwyz, Zurich"
91-4-D-j24-1,"['Nidwalden', 'Luzern']",S4,726,2,"Luzern, Nidwalden"
91-7-B-j24-1,"['Thurgau', 'StGallen']",S7,718,2,"StGallen, Thurgau"
92-722-j24-1,"['StGallen', 'Thurgau']",722,707,2,"StGallen, Thurgau"
92-609-A-j24-1,"['Luzern', 'Aargau']",609,696,2,"Aargau, Luzern"
96-202-0-j24-1,"['Thurgau', 'StGallen']",722,684,2,"StGallen, Thurgau"
92-871-j24-1,"['Bern', 'Solothurn']",871,669,2,"Bern, Solothurn"
96-221-6-j24-1,"['AppenzellInnerrhoden', 'AppenzellAusserrhoden']",191,666,2,"AppenzellAusserrhoden, AppenzellInnerrhoden"
91-56-B-j24-1,"['Jura', 'Solothurn']",RE56,662,2,"Jura, Solothurn"
96-136-7-j24-1,"['Solothurn', 'Basel-Landschaft']",67,660,2,"Basel-Landschaft, Solothurn"
96-180-1-j24-1,"['Zurich', 'Zug']",280,656,2,"Zug, Zurich"
96-187-2-j24-1,"['Zurich', 'Aargau']",515,651,2,"Aargau, Zurich"
96-123-3-j24-1,"['Bern', 'Jura']",33,647,2,"Bern, Jura"
96-130-1-j24-1,"['Solothurn', 'Basel-Landschaft']",117,641,2,"Basel-Landschaft, Solothurn"
92-604-C-j24-1,"['Aargau', 'Luzern']",604,636,2,"Aargau, Luzern"
92-733-j24-1,"['StGallen', 'Thurgau']",733,633,2,"StGallen, Thurgau"
91-22-A-j24-1,"['AppenzellAusserrhoden', 'StGallen']",S22,630,2,"AppenzellAusserrhoden, StGallen"
91-6-G-j24-1,"['Glarus', 'StGallen']",S6,619,2,"Glarus, StGallen"
92-706-j24-1,"['StGallen', 'Thurgau']",706,614,2,"StGallen, Thurgau"
96-250-4-j24-1,"['Thurgau', 'StGallen']",201,576,2,"StGallen, Thurgau"
92-363-j24-1,"['Solothurn', 'Bern']",363,571,2,"Bern, Solothurn"
96-245-4-j24-1,"['Glarus', 'StGallen']",512,571,2,"Glarus, StGallen"
92-61-F-j24-1,"['Vaud', 'Geneve']",61,567,2,"Geneve, Vaud"
96-124-1-j24-1,"['Jura', 'Bern']",41,567,2,"Bern, Jura"
91-13-A-j24-1,"['Schwyz', 'Zurich']",S13,566,2,"Schwyz, Zurich"
91-19-A-j24-1,"['Aargau', 'Zurich']",S19,562,2,"Aargau, Zurich"
91-16-G-j24-1,"['Neuchatel', 'Bern']",R16,560,2,"Bern, Neuchatel"
91-6-U-j24-1,"['Vaud', 'Fribourg']",R6,556,2,"Fribourg, Vaud"
96-215-j24-1,"['Vaud', 'Fribourg']",561,553,2,"Fribourg, Vaud"
92-131-A-j24-1,"['Bern', 'Jura']",131,550,2,"Bern, Jura"
92-733-1-j24-1,"['Aargau', 'Schaffhausen']",7331,549,2,"Aargau, Schaffhausen"
92-33-A-j24-1,"['Solothurn', 'Bern']",33,547,2,"Bern, Solothurn"
92-110-B-j24-1,"['Valais', 'Vaud']",110,536,2,"Valais, Vaud"
91-1-N-j24-1,"['Valais', 'Bern']",RE1,531,2,"Bern, Valais"
92-46-C-j24-1,"['StGallen', 'Graubunden']",46,528,2,"Graubunden, StGallen"
92-66-D-j24-1,"['Basel-Landschaft', 'Solothurn']",66,520,2,"Basel-Landschaft, Solothurn"
92-474-j24-1,"['Fribourg', 'Vaud']",474,518,2,"Fribourg, Vaud"
92-942-j24-1,"['Thurgau', 'StGallen']",942,517,2,"StGallen, Thurgau"
91-30-A-j24-1,"['Zurich', 'Thurgau']",S30,506,2,"Thurgau, Zurich"
96-204-0-j24-1,"['Thurgau', 'Zurich']",847,503,2,"Thurgau, Zurich"
92-7-Q-j24-1,"['Schaffhausen', 'Thurgau']",7,501,2,"Schaffhausen, Thurgau"
96-881-j24-1,"['Bern', 'Fribourg']",121,500,2,"Bern, Fribourg"
91-7-D-j24-1,"['Bern', 'Luzern']",S7,498,2,"Bern, Luzern"
92-731-j24-1,"['StGallen', 'Thurgau']",731,493,2,"StGallen, Thurgau"
96-286-j24-1,"['Vaud', 'Fribourg']",562,490,2,"Fribourg, Vaud"
96-189-1-j24-1,"['Schaffhausen', 'Zurich']",630,484,2,"Schaffhausen, Zurich"
91-L2-B-j24-1,"['Vaud', 'Geneve']",RL2,476,2,"Geneve, Vaud"
92-529-j24-1,"['Schwyz', 'Luzern']",529,468,2,"Luzern, Schwyz"
96-138-5-j24-1,"['Aargau', 'Basel-Landschaft']",85,468,2,"Aargau, Basel-Landschaft"
96-189-8-j24-1,"['Zurich', 'Schaffhausen']",632,461,2,"Schaffhausen, Zurich"
91-37-D-j24-1,"['Bern', 'Jura']",R37,453,2,"Bern, Jura"
96-224-3-j24-1,"['AppenzellAusserrhoden', 'StGallen']",222,450,2,"AppenzellAusserrhoden, StGallen"
96-809-j24-1,"['Solothurn', 'Bern']",882,439,2,"Bern, Solothurn"
91-24-F-j24-1,"['Luzern', 'Aargau']",RE24,438,2,"Aargau, Luzern"
96-189-6-j24-1,"['Zurich', 'Schaffhausen']",634,435,2,"Schaffhausen, Zurich"
92-202-C-j24-1,"['Thurgau', 'Schaffhausen']",202,433,2,"Schaffhausen, Thurgau"
96-217-j24-1,"['Fribourg', 'Vaud']",460,429,2,"Fribourg, Vaud"
91-34-j24-1,"['Vaud', 'Fribourg']",R34,428,2,"Fribourg, Vaud"
92-552-j24-1,"['Vaud', 'Fribourg']",552,421,2,"Fribourg, Vaud"
91-7-L-j24-1,"['Luzern', 'Bern']",RE7,419,2,"Bern, Luzern"
92-444-A-j24-1,"['Aargau', 'Zurich']",444,418,2,"Aargau, Zurich"
96-880-j24-1,"['Bern', 'Fribourg']",131,416,2,"Bern, Fribourg"
91-L1-B-j24-1,"['Geneve', 'Vaud']",RL1,408,2,"Geneve, Vaud"
96-357-5-j24-1,"['Luzern', 'Aargau']",398,407,2,"Aargau, Luzern"
96-221-7-j24-1,"['AppenzellAusserrhoden', 'StGallen']",190,406,2,"AppenzellAusserrhoden, StGallen"
91-36-j24-1,"['Aargau', 'Zurich']",S36,401,2,"Aargau, Zurich"
92-730-5-j24-1,"['Basel-Stadt', 'Aargau']",7305,401,2,"Aargau, Basel-Stadt"
91-62-C-j24-1,"['Schaffhausen', 'Thurgau']",S62,394,2,"Schaffhausen, Thurgau"
96-224-4-j24-1,"['AppenzellAusserrhoden', 'StGallen']",224,394,2,"AppenzellAusserrhoden, StGallen"
96-356-j24-1,"['Vaud', 'Valais']",121,386,2,"Valais, Vaud"
92-551-j24-1,"['Fribourg', 'Vaud']",551,385,2,"Fribourg, Vaud"
96-189-4-j24-1,"['Zurich', 'Thurgau']",605,384,2,"Thurgau, Zurich"
92-734-C-j24-1,"['Schaffhausen', 'Aargau']",7345,381,2,"Aargau, Schaffhausen"
96-234-j24-1,"['Vaud', 'Bern']",535,366,2,"Bern, Vaud"
92-556-j24-1,"['Fribourg', 'Vaud']",556,361,2,"Fribourg, Vaud"
96-216-j24-1,"['Vaud', 'Fribourg']",462,361,2,"Fribourg, Vaud"
96-357-7-j24-1,"['Luzern', 'Zug']",110,360,2,"Luzern, Zug"
96-140-1-j24-1,"['Aargau', 'Basel-Landschaft']",101,354,2,"Aargau, Basel-Landschaft"
96-213-j24-1,"['Vaud', 'Fribourg']",450,354,2,"Fribourg, Vaud"
96-254-4-j24-1,"['AppenzellAusserrhoden', 'StGallen']",225,350,2,"AppenzellAusserrhoden, StGallen"
92-362-j24-1,"['Solothurn', 'Bern']",362,345,2,"Bern, Solothurn"
92-472-j24-1,"['Fribourg', 'Vaud']",472,345,2,"Fribourg, Vaud"
96-260-0-j24-1,"['Graubunden', 'Ticino']",171,344,2,"Graubunden, Ticino"
91-1W-Y-j24-1,"['Bern', 'Obwalden']",PE,324,2,"Bern, Obwalden"
92-13E-j24-1,"['StGallen', 'Graubunden']",13E,324,2,"Graubunden, StGallen"
92-181-j24-1,"['Fribourg', 'Bern']",181,322,2,"Bern, Fribourg"
91-66-A-j24-1,"['Neuchatel', 'Bern']",IR66,318,2,"Bern, Neuchatel"
91-9-F-j24-1,"['Solothurn', 'Basel-Landschaft']",S9,316,2,"Basel-Landschaft, Solothurn"
91-45-j24-1,"['Graubunden', 'Uri']",R45,312,2,"Graubunden, Uri"
92-106-E-j24-1,"['Valais', 'Vaud']",106,310,2,"Valais, Vaud"
96-184-9-j24-1,"['Thurgau', 'Zurich']",806,310,2,"Thurgau, Zurich"
91-35-F-j24-1,"['Bern', 'Fribourg']",S35,290,2,"Bern, Fribourg"
96-123-2-j24-1,"['Jura', 'Bern']",32,289,2,"Bern, Jura"
92-818-B-j24-1,"['Geneve', 'Vaud']",818,288,2,"Geneve, Vaud"
92-258-j24-1,"['Fribourg', 'Vaud']",258,284,2,"Fribourg, Vaud"
96-110-2-j24-1,"['Neuchatel', 'Vaud']",392,278,2,"Neuchatel, Vaud"
91-12-K-j24-1,"['Aargau', 'Zurich']",RE12,276,2,"Aargau, Zurich"
91-2-M-j24-1,"['Fribourg', 'Bern']",RE2,275,2,"Bern, Fribourg"
96-884-j24-1,"['Bern', 'Fribourg']",541,272,2,"Bern, Fribourg"
96-231-j24-1,"['Vaud', 'Fribourg']",560,271,2,"Fribourg, Vaud"
92-348-j24-1,"['Aargau', 'Luzern']",348,270,2,"Aargau, Luzern"
91-3-C-j24-1,"['Zurich', 'Graubunden']",IC3,262,2,"Graubunden, Zurich"
96-221-4-j24-1,"['StGallen', 'Thurgau']",205,260,2,"StGallen, Thurgau"
92-481-B-j24-1,"['Fribourg', 'Vaud']",481,258,2,"Fribourg, Vaud"
96-354-j24-1,"['Valais', 'Vaud']",142,258,2,"Valais, Vaud"
92-555-A-j24-1,"['Fribourg', 'Vaud']",555,257,2,"Fribourg, Vaud"
96-182-1-j24-1,"['Aargau', 'Zurich']",205,254,2,"Aargau, Zurich"
91-8-J-j24-1,"['Vaud', 'Fribourg']",R8,253,2,"Fribourg, Vaud"
92-205-A-j24-1,"['Thurgau', 'Schaffhausen']",205,253,2,"Schaffhausen, Thurgau"
91-25-A-j24-1,"['AppenzellAusserrhoden', 'StGallen']",S25,240,2,"AppenzellAusserrhoden, StGallen"
92-478-j24-1,"['Fribourg', 'Vaud']",478,239,2,"Fribourg, Vaud"
91-24-A-j24-1,"['AppenzellAusserrhoden', 'StGallen']",S24,234,2,"AppenzellAusserrhoden, StGallen"
91-37-j24-1,"['Zurich', 'Basel-Landschaft']",IR37,228,2,"Basel-Landschaft, Zurich"
92-530-j24-1,"['Fribourg', 'Vaud']",530,228,2,"Fribourg, Vaud"
91-6-H-j24-1,"['Valais', 'Bern']",IC6,227,2,"Bern, Valais"
96-139-9-j24-1,"['Basel-Landschaft', 'Aargau']",99,224,2,"Aargau, Basel-Landschaft"
96-733-j24-1,"['Bern', 'Neuchatel']",526,224,2,"Bern, Neuchatel"
91-16-B-j24-1,"['Aargau', 'Zurich']",IR16,219,2,"Aargau, Zurich"
96-234-0-j24-1,"['StGallen', 'AppenzellAusserrhoden']",792,217,2,"AppenzellAusserrhoden, StGallen"
92-200-S-j24-1,"['Thurgau', 'Schaffhausen']",200S,216,2,"Schaffhausen, Thurgau"
91-51-B-j24-1,"['Solothurn', 'Basel-Landschaft']",IC51,213,2,"Basel-Landschaft, Solothurn"
96-221-j24-1,"['Vaud', 'Fribourg']",564,212,2,"Fribourg, Vaud"
96-243-6-j24-1,"['Glarus', 'StGallen']",536,211,2,"Glarus, StGallen"
92-734-5-j24-1,"['Schaffhausen', 'Aargau']",7345,208,2,"Aargau, Schaffhausen"
92-N17-j24-1,"['Fribourg', 'Bern']",N17,206,2,"Bern, Fribourg"
91-L3-B-j24-1,"['Vaud', 'Geneve']",RL3,204,2,"Geneve, Vaud"
96-131-6-j24-1,"['Solothurn', 'Basel-Landschaft']",116,196,2,"Basel-Landschaft, Solothurn"
96-224-5-j24-1,"['AppenzellAusserrhoden', 'StGallen']",223,195,2,"AppenzellAusserrhoden, StGallen"
96-220-6-j24-1,"['Thurgau', 'StGallen']",207,192,2,"StGallen, Thurgau"
92-548-j24-1,"['Fribourg', 'Bern']",548,182,2,"Bern, Fribourg"
96-363-j24-1,"['Vaud', 'Valais']",192,181,2,"Valais, Vaud"
92-525-j24-1,"['Zug', 'Schwyz']",525,180,2,"Schwyz, Zug"
92-980-j24-1,"['StGallen', 'AppenzellAusserrhoden']",980,180,2,"AppenzellAusserrhoden, StGallen"
92-N29-j24-1,"['Zurich', 'Schwyz']",N29,179,2,"Schwyz, Zurich"
92-N2-B-j24-1,"['StGallen', 'Graubunden']",N2,175,2,"Graubunden, StGallen"
96-224-8-j24-1,"['AppenzellAusserrhoden', 'AppenzellInnerrhoden']",229,171,2,"AppenzellAusserrhoden, AppenzellInnerrhoden"
96-162-j24-1,"['Neuchatel', 'Vaud']",640,169,2,"Neuchatel, Vaud"
96-752-j24-1,"['Bern', 'Fribourg']",323,167,2,"Bern, Fribourg"
92-770-A-j24-1,"['StGallen', 'Thurgau']",770,166,2,"StGallen, Thurgau"
92-445-A-j24-1,"['Aargau', 'Zurich']",445,165,2,"Aargau, Zurich"
92-201-D-j24-1,"['Schaffhausen', 'Thurgau']",201,162,2,"Schaffhausen, Thurgau"
92-N33-j24-1,"['Aargau', 'Zurich']",N33,160,2,"Aargau, Zurich"
96-185-1-j24-1,"['Zurich', 'Thurgau']",807,156,2,"Thurgau, Zurich"
92-M30-j24-1,"['Solothurn', 'Bern']",M30,154,2,"Bern, Solothurn"
96-222-3-j24-1,"['AppenzellAusserrhoden', 'StGallen']",183,154,2,"AppenzellAusserrhoden, StGallen"
91-26-B-j24-1,"['AppenzellAusserrhoden', 'StGallen']",S26,150,2,"AppenzellAusserrhoden, StGallen"
91-C33-A-j24-1,"['Vaud', 'Geneve']",C33,150,2,"Geneve, Vaud"
92-7-R-j24-1,"['Thurgau', 'Schaffhausen']",7,150,2,"Schaffhausen, Thurgau"
92-N9-j24-1,"['Luzern', 'Aargau']",N9,149,2,"Aargau, Luzern"
96-180-j24-1,"['Vaud', 'Fribourg']",565,149,2,"Fribourg, Vaud"
91-L1-A-j24-1,"['Vaud', 'Geneve']",L1,148,2,"Geneve, Vaud"
92-N3-B-j24-1,"['Luzern', 'Schwyz']",N3,147,2,"Luzern, Schwyz"
91-4-M-j24-1,"['Neuchatel', 'Bern']",RE4,145,2,"Bern, Neuchatel"
92-M11-j24-1,"['Solothurn', 'Bern']",M11,145,2,"Bern, Solothurn"
92-N52-j24-1,"['Aargau', 'Luzern']",N52,145,2,"Aargau, Luzern"
96-363-3-j24-1,"['Nidwalden', 'Uri']",310,144,2,"Nidwalden, Uri"
96-364-j24-1,"['Valais', 'Vaud']",193,143,2,"Valais, Vaud"
91-2-G-j24-1,"['Ticino', 'Zurich']",IC2,137,2,"Ticino, Zurich"
91-13-G-j24-1,"['Vaud', 'Neuchatel']",R13,132,2,"Neuchatel, Vaud"
96-734-j24-1,"['Bern', 'Neuchatel']",527,132,2,"Bern, Neuchatel"
96-359-4-j24-1,"['Luzern', 'Zug']",N73,130,2,"Luzern, Zug"
91-42-j24-1,"['Aargau', 'Zurich']",S42,126,2,"Aargau, Zurich"
92-520-j24-1,"['Fribourg', 'Bern']",520,125,2,"Bern, Fribourg"
93-251-7-j24-1,"['Luzern', 'Obwalden']",2517,124,2,"Luzern, Obwalden"
91-21-D-j24-1,"['Ticino', 'Schwyz']",IC21,120,2,"Schwyz, Ticino"
96-128-3-j24-1,"['Jura', 'Bern']",N23,118,2,"Bern, Jura"
96-198-1-j24-1,"['Zurich', 'Aargau']",N51,117,2,"Aargau, Zurich"
96-128-1-j24-1,"['Bern', 'Jura']",N21,116,2,"Bern, Jura"
96-197-8-j24-1,"['Schaffhausen', 'Zurich']",N69,116,2,"Schaffhausen, Zurich"
92-N91-j24-1,"['StGallen', 'Thurgau']",N91,115,2,"StGallen, Thurgau"
96-225-0-j24-1,"['AppenzellAusserrhoden', 'AppenzellInnerrhoden']",228,115,2,"AppenzellAusserrhoden, AppenzellInnerrhoden"
92-N60-A-j24-1,"['Aargau', 'Solothurn']",N60,108,2,"Aargau, Solothurn"
92-N32-j24-1,"['Zurich', 'Aargau']",N32,106,2,"Aargau, Zurich"
96-359-2-j24-1,"['Bern', 'Luzern']",N66,104,2,"Bern, Luzern"
91-N-Y-j24-1,"['Basel-Stadt', 'Zurich']",ICE,102,2,"Basel-Stadt, Zurich"
92-333-j24-1,"['StGallen', 'AppenzellInnerrhoden']",333,102,2,"AppenzellInnerrhoden, StGallen"
92-N33-A-j24-1,"['Schwyz', 'Luzern']",N33,102,2,"Luzern, Schwyz"
93-65-j24-1,"['Bern', 'Valais']",65,100,2,"Bern, Valais"
91-19-Y-j24-1,"['Schaffhausen', 'Zurich']",IC,99,2,"Schaffhausen, Zurich"
92-N4-A-j24-1,"['Luzern', 'Nidwalden']",N4,99,2,"Luzern, Nidwalden"
92-202-D-j24-1,"['Thurgau', 'Schaffhausen']",202,96,2,"Schaffhausen, Thurgau"
92-259-j24-1,"['Fribourg', 'Bern']",259,96,2,"Bern, Fribourg"
96-198-0-j24-1,"['Zurich', 'Aargau']",N22,96,2,"Aargau, Zurich"
91-65-A-j24-1,"['Zurich', 'Schaffhausen']",S65,94,2,"Schaffhausen, Zurich"
92-N23-j24-1,"['Solothurn', 'Aargau']",N23,94,2,"Aargau, Solothurn"
91-81-j24-1,"['StGallen', 'AppenzellAusserrhoden']",S81,90,2,"AppenzellAusserrhoden, StGallen"
92-546-j24-1,"['Fribourg', 'Bern']",546,90,2,"Bern, Fribourg"
91-2G-Y-j24-1,"['StGallen', 'Zurich']",EC,89,2,"StGallen, Zurich"
92-M51-j24-1,"['Solothurn', 'Bern']",M51,88,2,"Bern, Solothurn"
96-129-0-j24-1,"['Jura', 'Bern']",M31,87,2,"Bern, Jura"
92-M53-j24-1,"['Solothurn', 'Bern']",M53,86,2,"Bern, Solothurn"
96-198-6-j24-1,"['Zurich', 'Aargau']",N50,84,2,"Aargau, Zurich"
96-359-9-j24-1,"['Luzern', 'Aargau']",N81,84,2,"Aargau, Luzern"
91-37-B-j24-1,"['Aargau', 'Schaffhausen']",37,78,2,"Aargau, Schaffhausen"
92-403-C-j24-1,"['Schaffhausen', 'Thurgau']",403,76,2,"Schaffhausen, Thurgau"
92-N15-j24-1,"['Fribourg', 'Bern']",N15,76,2,"Bern, Fribourg"
92-N24-A-j24-1,"['Fribourg', 'Vaud']",N24,76,2,"Fribourg, Vaud"
92-151-A-j24-1,"['Neuchatel', 'Bern']",151,74,2,"Bern, Neuchatel"
92-N31-j24-1,"['Zurich', 'Aargau']",N31,72,2,"Aargau, Zurich"
92-891-j24-1,"['Vaud', 'Geneve']",891,68,2,"Geneve, Vaud"
92-163-B-j24-1,"['Basel-Stadt', 'Basel-Landschaft']",163,66,2,"Basel-Landschaft, Basel-Stadt"
92-315-A-j24-1,"['Aargau', 'Zurich']",315,66,2,"Aargau, Zurich"
92-N14-A-j24-1,"['Fribourg', 'Vaud']",N14,66,2,"Fribourg, Vaud"
96-166-3-j24-1,"['Aargau', 'Zurich']",N73,64,2,"Aargau, Zurich"
92-N1-E-j24-1,"['StGallen', 'Graubunden']",N1,60,2,"Graubunden, StGallen"
92-N13-A-j24-1,"['Fribourg', 'Vaud']",N13,59,2,"Fribourg, Vaud"
92-541-A-j24-1,"['Schwyz', 'Uri']",541,57,2,"Schwyz, Uri"
92-526-j24-1,"['Zug', 'Schwyz']",526,56,2,"Schwyz, Zug"
94-360-2-j24-1,"['Luzern', 'Nidwalden']",3602,56,2,"Luzern, Nidwalden"
92-12-J-j24-1,"['Basel-Landschaft', 'Basel-Stadt']",12,55,2,"Basel-Landschaft, Basel-Stadt"
92-N5-j24-1,"['Thurgau', 'StGallen']",N5,55,2,"StGallen, Thurgau"
92-888-j24-1,"['Zurich', 'StGallen']",888,54,2,"StGallen, Zurich"
92-N21-C-j24-1,"['Aargau', 'Solothurn']",N21,54,2,"Aargau, Solothurn"
91-2F-Y-j24-1,"['Bern', 'Basel-Stadt']",ICE,53,2,"Basel-Stadt, Bern"
92-N23-C-j24-1,"['Fribourg', 'Vaud']",N23,50,2,"Fribourg, Vaud"
91-2W-Y-j24-1,"['Bern', 'Valais']",EC,49,2,"Bern, Valais"
96-291-0-j24-1,"['Graubunden', 'Ticino']",631,49,2,"Graubunden, Ticino"
91-1V-Y-j24-1,"['StGallen', 'Zurich']",RJX,48,2,"StGallen, Zurich"
91-2O-Y-j24-1,"['Vaud', 'Valais']",EC,48,2,"Valais, Vaud"
91-55-j24-1,"['Nidwalden', 'Obwalden']",S55,48,2,"Nidwalden, Obwalden"
91-23-B-j24-1,"['Thurgau', 'Zurich']",S23,47,2,"Thurgau, Zurich"
91-3F-Y-j24-1,"['Basel-Landschaft', 'Aargau']",S,46,2,"Aargau, Basel-Landschaft"
92-13-F-j24-1,"['Basel-Landschaft', 'Basel-Stadt']",13,45,2,"Basel-Landschaft, Basel-Stadt"
92-493-C-j24-1,"['Uri', 'Luzern']",493,45,2,"Luzern, Uri"
92-128-B-j24-1,"['Basel-Stadt', 'Basel-Landschaft']",128,43,2,"Basel-Landschaft, Basel-Stadt"
92-493-A-j24-1,"['Luzern', 'Uri']",493,42,2,"Luzern, Uri"
92-201-C-j24-1,"['Schaffhausen', 'Thurgau']",201,41,2,"Schaffhausen, Thurgau"
92-M52-j24-1,"['Solothurn', 'Bern']",M52,41,2,"Bern, Solothurn"
91-35-Y-j24-1,"['Zug', 'Zurich']",IR,39,2,"Zug, Zurich"
94-373-0-j24-1,"['Zurich', 'StGallen']",3730,36,2,"StGallen, Zurich"
96-359-5-j24-1,"['Luzern', 'Obwalden']",N5,36,2,"Luzern, Obwalden"
92-108-B-j24-1,"['Basel-Stadt', 'Basel-Landschaft']",108,34,2,"Basel-Landschaft, Basel-Stadt"
92-106-D-j24-1,"['Basel-Stadt', 'Basel-Landschaft']",106,33,2,"Basel-Landschaft, Basel-Stadt"
92-N6-A-j24-1,"['Zug', 'Aargau']",N6,33,2,"Aargau, Zug"
92-N23-B-j24-1,"['Solothurn', 'Aargau']",N23,32,2,"Aargau, Solothurn"
92-N30-j24-1,"['Graubunden', 'StGallen']",N30,32,2,"Graubunden, StGallen"
92-M22-j24-1,"['Fribourg', 'Bern']",M22,29,2,"Bern, Fribourg"
91-31-B-j24-1,"['Schaffhausen', 'Thurgau']",31,28,2,"Schaffhausen, Thurgau"
92-B24-j24-1,"['AppenzellAusserrhoden', 'StGallen']",B24,28,2,"AppenzellAusserrhoden, StGallen"
92-7-Y-j24-1,"['Obwalden', 'Nidwalden']",B,27,2,"Nidwalden, Obwalden"
91-4H-Y-j24-1,"['Schwyz', 'Zurich']",S,24,2,"Schwyz, Zurich"
92-155-C-j24-1,"['Basel-Landschaft', 'Basel-Stadt']",155,24,2,"Basel-Landschaft, Basel-Stadt"
96-110-5-j24-1,"['Neuchatel', 'Bern']",156,24,2,"Bern, Neuchatel"
96-185-9-j24-1,"['Zurich', 'Thurgau']",N65,24,2,"Thurgau, Zurich"
92-121-D-j24-1,"['Solothurn', 'Basel-Landschaft']",121,22,2,"Basel-Landschaft, Solothurn"
92-127-C-j24-1,"['Solothurn', 'Basel-Landschaft']",127,22,2,"Basel-Landschaft, Solothurn"
92-2L-Y-j24-1,"['Zurich', 'Schaffhausen']",EV,20,2,"Schaffhausen, Zurich"
92-734-D-j24-1,"['Aargau', 'Schaffhausen']",7345,19,2,"Aargau, Schaffhausen"
91-3R-Y-j24-1,"['Ticino', 'Schwyz']",EC,18,2,"Schwyz, Ticino"
91-3M-Y-j24-1,"['Aargau', 'Luzern']",IR,17,2,"Aargau, Luzern"
91-62-D-j24-1,"['Schaffhausen', 'Thurgau']",S62,17,2,"Schaffhausen, Thurgau"
91-3-O-j24-1,"['Thurgau', 'Schaffhausen']",3,16,2,"Schaffhausen, Thurgau"
91-3D-Y-j24-1,"['Neuchatel', 'Vaud']",IR,16,2,"Neuchatel, Vaud"
92-C33-j24-1,"['Vaud', 'Geneve']",C33,15,2,"Geneve, Vaud"
91-46-D-j24-1,"['Solothurn', 'Bern']",S46,13,2,"Bern, Solothurn"
91-P28-A-j24-1,"['Neuchatel', 'Vaud']",P28,13,2,"Neuchatel, Vaud"
92-551-A-j24-1,"['Glarus', 'Uri']",551,12,2,"Glarus, Uri"
91-1X-Y-j24-1,"['Bern', 'Neuchatel']",RE,11,2,"Bern, Neuchatel"
91-2P-Y-j24-1,"['Zurich', 'StGallen']",NJ,8,2,"StGallen, Zurich"
91-3E-Y-j24-1,"['Zurich', 'StGallen']",EC,8,2,"StGallen, Zurich"
92-287-j24-1,"['Bern', 'Luzern']",287,8,2,"Bern, Luzern"
91-4U-Y-j24-1,"['Zurich', 'Bern']",IR,7,2,"Bern, Zurich"
91-4X-Y-j24-1,"['Solothurn', 'Basel-Landschaft']",S,7,2,"Basel-Landschaft, Solothurn"
91-2L-Y-j24-1,"['Zug', 'Zurich']",RE,6,2,"Zug, Zurich"
91-36-Y-j24-1,"['Zurich', 'Basel-Stadt']",NJ,6,2,"Basel-Stadt, Zurich"
91-4B-Y-j24-1,"['Zurich', 'Basel-Landschaft']",IC,6,2,"Basel-Landschaft, Zurich"
92-L1-j24-1,"['Vaud', 'Geneve']",L1,6,2,"Geneve, Vaud"
92-105-C-j24-1,"['Basel-Landschaft', 'Basel-Stadt']",105,5,2,"Basel-Landschaft, Basel-Stadt"
92-A03-K-j24-1,"['Bern', 'Jura']",EV1,5,2,"Bern, Jura"
91-30-M-j24-1,"['Aargau', 'Basel-Stadt']",RE30,4,2,"Aargau, Basel-Stadt"
91-3I-Y-j24-1,"['Zurich', 'Basel-Stadt']",EC,3,2,"Basel-Stadt, Zurich"
